Id,SalePrice
1461, 125867.60356749421
1462, 156054.1222630545
1463, 185335.63704334473
1464, 183040.2531510952
1465, 214346.1418937012
1466, 182915.19592531965
1467, 166920.78418527145
1468, 172052.89105370265
1469, 180379.7294261829
1470, 119954.58798839492
1471, 198306.22674997235
1472, 93153.24955539475
1473, 106058.39872627654
1474, 152862.70491803729
1475, 151886.65091469596
1476, 364440.4713652615
1477, 256081.35203428054
1478, 312276.23716145544
1479, 304131.07421564875
1480, 427559.6980642856
1481, 296597.45565271314
1482, 206710.51030372156
1483, 176310.14958271303
1484, 176894.77362823475
1485, 173147.13697916403
1486, 200305.20993322544
1487, 324342.8071370277
1488, 255612.88764699228
1489, 208884.7412325159
1490, 189537.29509993497
1491, 193842.95288717878
1492, 101633.92400726552
1493, 183905.1628833704
1494, 287193.73977812123
1495, 287805.3368997703
1496, 222862.4480868529
1497, 194715.81655235367
1498, 161970.966101456
1499, 160971.76052538794
1500, 159183.52882626705
1501, 169555.71144392772
1502, 164821.42776352214
1503, 297114.4504665036
1504, 242032.8677879908
1505, 217039.1554429864
1506, 183194.92937391752
1507, 218673.468932677
1508, 202844.42453785441
1509, 164367.23460233863
1510, 154023.57412514504
1511, 152036.09773361986
1512, 168784.87293104792
1513, 152972.8251240909
1514, 175868.28408483302
1515, 171687.58806812385
1516, 161332.50224217388
1517, 152213.60150268074
1518, 130360.86799503253
1519, 220325.72523374765
1520, 138550.34808419886
1521, 147225.15243248496
1522, 163092.50557567296
1523, 111008.50302537957
1524, 122506.47891453459
1525, 123821.83594855518
1526, 120375.35173369979
1527, 109216.1783338946
1528, 125750.57753098509
1529, 144019.75395286502
1530, 168803.09829534587
1531, 123460.4541148898
1532, 105662.97867611243
1533, 142816.1730668247
1534, 116743.54006154551
1535, 156673.29263907555
1536, 122023.25865047614
1537, 82841.01892452473
1538, 176769.339012791
1539, 234191.29046295138
1540, 120286.24439164338
1541, 147206.7160755114
1542, 144043.52294886077
1543, 214281.16327548565
1544, 78415.56987717295
1545, 109667.99705422144
1546, 125516.63918847227
1547, 130879.63739294292
1548, 132402.27927686437
1549, 117064.65494653044
1550, 137923.2034571216
1551, 121368.46956414708
1552, 146743.11967843032
1553, 149161.43098011272
1554, 113789.0874111281
1555, 177232.29885124502
1556, 98222.40963651064
1557, 130965.37668640805
1558, 95349.40347361358
1559, 132002.52769473265
1560, 144518.10928548346
1561, 148047.79039414323
1562, 126164.51265170738
1563, 121789.80532225527
1564, 163783.4833155271
1565, 153661.77665153038
1566, 223900.8175531708
1567, 81410.9119975966
1568, 219618.1899106247
1569, 152481.57020167893
1570, 133436.7722035415
1571, 134766.8711505421
1572, 144215.7265599987
1573, 235179.28052091584
1574, 137791.89782128975
1575, 211978.04271355201
1576, 213509.45791586363
1577, 199984.66201761382
1578, 156267.57372703345
1579, 138361.00391780765
1580, 195915.97163866548
1581, 142659.2575092013
1582, 125833.76729811351
1583, 331559.995927519
1584, 242739.9321539781
1585, 138441.02564524705
1586, 77654.06786440684
1587, 111936.71493805463
1588, 152790.15974307284
1589, 104588.46516759518
1590, 136484.09490870713
1591, 103995.8845191656
1592, 129314.26912940231
1593, 123450.02185308536
1594, 136087.28042574212
1595, 126341.47348402058
1596, 228268.25919493567
1597, 171206.8420550809
1598, 188146.64987215158
1599, 227735.60809931354
1600, 204177.92397396956
1601, 85583.65034178535
1602, 120547.46328904325
1603, 105476.72755137773
1604, 299278.83035771555
1605, 258578.02217157139
1606, 166018.41781411742
1607, 176423.8430332042
1608, 209478.1288200693
1609, 198002.80200894867
1610, 163210.83024667203
1611, 150779.95854914514
1612, 164196.12230770523
1613, 164607.6937034728
1614, 117353.93523634506
1615, 94817.15714172315
1616, 89979.25419033883
1617, 92997.22921588822
1618, 125214.68898655874
1619, 134569.61340432646
1620, 159162.7041810197
1621, 142788.3698653408
1622, 155021.87285027036
1623, 282968.2678853561
1624, 210522.85971758087
1625, 127250.03528167293
1626, 169474.68490375546
1627, 189648.09874898422
1628, 282854.99549672677
1629, 175651.62343352364
1630, 328160.8634501851
1631, 221090.7495993522
1632, 254437.79110155473
1633, 169369.7369398726
1634, 178055.716696244
1635, 181577.57992779205
1636, 160263.77237316585
1637, 180604.4761246307
1638, 217447.02622140184
1639, 177402.10088785813
1640, 254271.59543925544
1641, 181307.33439680023
1642, 218490.18174847536
1643, 237682.66292805522
1644, 239092.00741840326
1645, 185533.3381570467
1646, 152984.24625454546
1647, 162664.03274891208
1648, 143330.30197247438
1649, 140785.34259139176
1650, 120522.23751950714
1651, 118890.92105337503
1652, 94384.05888373281
1653, 97222.41867433464
1654, 157820.7749156483
1655, 161813.65587307324
1656, 153022.64518807802
1657, 156494.88012907386
1658, 155842.0365640426
1659, 156796.43938701958
1660, 143251.76623206536
1661, 420672.8313378289
1662, 360955.47772743914
1663, 384219.55773088784
1664, 428617.53198083787
1665, 340552.3351669775
1666, 340059.3009977134
1667, 346719.4838363803
1668, 342233.4668666464
1669, 305301.2775908983
1670, 347217.24865920306
1671, 250228.09780254535
1672, 399949.41154761903
1673, 302481.7851319509
1674, 259792.91921284865
1675, 181685.60360355157
1676, 181182.0711276845
1677, 205477.0263916528
1678, 414886.59346330527
1679, 367664.42669878644
1680, 310311.9183414065
1681, 258361.61827079763
1682, 318809.5458073449
1683, 186776.4280366923
1684, 174536.1077238424
1685, 173836.7746217016
1686, 169112.3435614984
1687, 169636.8337823687
1688, 189196.283327528
1689, 192467.40758871406
1690, 182379.55970638097
1691, 173071.99187320258
1692, 278562.36894642626
1693, 169719.53117831913
1694, 181162.7412505991
1695, 165874.28854447388
1696, 269844.260736428
1697, 168825.79573799064
1698, 331814.05143009213
1699, 315725.2299145961
1700, 237430.49742804375
1701, 266991.9956419107
1702, 266630.29585732095
1703, 260157.73621038083
1704, 298556.10523340956
1705, 240943.93121547793
1706, 380044.06517521007
1707, 223730.90354521846
1708, 216159.13947288925
1709, 273943.29963654204
1710, 232326.73312701157
1711, 282900.0621640991
1712, 253861.45095294126
1713, 256351.52022778566
1714, 221413.9026424759
1715, 196978.16242228483
1716, 190633.06448382835
1717, 168013.0717622928
1718, 132754.34750944033
1719, 206040.78334908816
1720, 258871.90181905974
1721, 180438.85753986207
1722, 122223.77736093696
1723, 153938.7421239718
1724, 220234.14758216578
1725, 233189.5332650095
1726, 183674.37837182428
1727, 174264.3998210942
1728, 185521.30897517738
1729, 167709.41042899978
1730, 164370.17899218696
1731, 123278.11857495863
1732, 130735.37420220618
1733, 123023.95119503692
1734, 133409.27821088844
1735, 127759.28000627596
1736, 116785.8716724048
1737, 339290.6574798841
1738, 216593.42890623133
1739, 270838.59128840093
1740, 184993.62403038403
1741, 179553.30326972005
1742, 167984.1818509508
1743, 174524.95442942408
1744, 308955.5158622569
1745, 232488.82427056337
1746, 243504.3861392775
1747, 230662.14527174382
1748, 196533.73155133132
1749, 160228.803626856
1750, 149098.22546615519
1751, 240781.28860311417
1752, 122325.9319195662
1753, 150853.21214036396
1754, 217861.40708142766
1755, 169365.33683795415
1756, 121771.85151422127
1757, 119373.9162637459
1758, 150989.4411142144
1759, 172846.79500611173
1760, 158290.8092810193
1761, 155172.25322023936
1762, 177039.00475939078
1763, 161521.23332024927
1764, 118655.69323781278
1765, 170588.39562881892
1766, 168759.79314643727
1767, 201900.9683927963
1768, 137988.45221895367
1769, 167654.37153218602
1770, 130759.67471280438
1771, 136544.33842988443
1772, 140918.70057728974
1773, 141262.43473263137
1774, 128329.66717309068
1775, 132617.40003965303
1776, 123868.2980448798
1777, 113984.02868739363
1778, 129132.23806537039
1779, 119723.69241894055
1780, 179356.08219057956
1781, 128885.69463756734
1782, 101406.1346140634
1783, 131922.1383136018
1784, 105261.50406546747
1785, 119601.38009943273
1786, 137564.75701728268
1787, 180276.2744224986
1788, 69416.42082228229
1789, 96558.61933207863
1790, 94113.39882237828
1791, 172054.48435853893
1792, 155502.2220755123
1793, 144421.49001423654
1794, 138279.87826015716
1795, 140534.2338550384
1796, 129168.40781005948
1797, 121392.51657272529
1798, 127102.23419863166
1799, 112259.20617555888
1800, 123529.73869857645
1801, 130939.9313864887
1802, 150716.31617888852
1803, 150454.6857495634
1804, 139606.72166465034
1805, 135909.28833366072
1806, 113516.15465202033
1807, 140034.10086308452
1808, 124121.2758477883
1809, 127765.54811341736
1810, 141483.19505386002
1811, 115814.08332627652
1812, 114861.07996124579
1813, 120724.75906072317
1814, 104095.50819676826
1815, 75254.43574007691
1816, 106260.12972491261
1817, 125472.3073561057
1818, 141202.96179759037
1819, 116117.05689582208
1820, 84778.35270698187
1821, 126371.61299077194
1822, 144398.40674235002
1823, 67236.72553804299
1824, 130957.20573276425
1825, 136088.99695830749
1826, 107895.41627537481
1827, 112397.09188256248
1828, 134098.82457817174
1829, 119416.70311635661
1830, 140497.56937983638
1831, 160472.14520190825
1832, 115426.76726389401
1833, 140380.875285587
1834, 139974.32246887826
1835, 160350.33325577388
1836, 132154.28441374563
1837, 97471.87885824026
1838, 135403.5149702019
1839, 92596.37730821558
1840, 164033.1419674626
1841, 152839.38666648904
1842, 97324.49064026563
1843, 142922.58190086568
1844, 140160.66511415585
1845, 145535.49002689894
1846, 150225.00701406944
1847, 146331.16573670323
1848, 71522.6967531162
1849, 120801.37749124398
1850, 131300.14140729303
1851, 148989.63652896998
1852, 127308.9371807755
1853, 140653.32410434238
1854, 174687.0065051298
1855, 153876.99873224043
1856, 212851.93192630218
1857, 164957.15390447585
1858, 146987.7496183003
1859, 140633.55183727064
1860, 155288.94500075805
1861, 140298.98000898786
1862, 291306.4783579365
1863, 287241.2398844322
1864, 287241.2398844322
1865, 334119.6386961737
1866, 346068.4701965166
1867, 249787.84468330612
1868, 297217.7250382999
1869, 194354.9753592007
1870, 248953.35685105665
1871, 276795.0673538652
1872, 171460.35341935043
1873, 227332.9896525067
1874, 135182.6472085697
1875, 212486.6357513775
1876, 191552.82446102626
1877, 209836.54442829758
1878, 209034.5296631207
1879, 129565.23098598135
1880, 135053.86254894634
1881, 248137.10019094383
1882, 261544.5526543033
1883, 200944.41674326337
1884, 219556.9326191793
1885, 246105.49757965267
1886, 300629.7886246084
1887, 196548.30159008858
1888, 288608.19099813246
1889, 167074.39181499224
1890, 140149.07763085884
1891, 142837.53060999032
1892, 113187.05900653015
1893, 135184.85300607068
1894, 125279.21214237293
1895, 152682.61470168398
1896, 118762.14227582981
1897, 116229.00154106172
1898, 111373.30629459214
1899, 134725.61744401572
1900, 153590.59104499072
1901, 162445.31384307746
1902, 152229.37515515313
1903, 233065.20684349886
1904, 138398.3230704414
1905, 174463.9913341437
1906, 161676.19096174394
1907, 189286.52706287007
1908, 124693.93726309422
1909, 137840.1198713152
1910, 131771.3077568817
1911, 193877.70937971972
1912, 272556.326908223
1913, 147579.86722952494
1914, 73960.5339705555
1915, 331152.41674750444
1916, 75700.40719446125
1917, 263885.9245793455
1918, 135238.43416225555
1919, 157558.6434889389
1920, 159372.8355068709
1921, 377581.77869663865
1922, 328950.84423839836
1923, 204929.16847031534
1924, 221203.66390173786
1925, 225656.0822608744
1926, 378875.37942131405
1927, 137020.24272867668
1928, 166748.00760469516
1929, 123815.26690602918
1930, 134231.37776138957
1931, 137897.93303029507
1932, 140131.50423834004
1933, 175246.41805729055
1934, 182579.18918799583
1935, 175193.10098658875
1936, 189716.9882340263
1937, 183655.58342949892
1938, 167348.30421522708
1939, 257293.58884973993
1940, 216127.50200780143
1941, 176518.16236512078
1942, 190660.16318720605
1943, 209527.74261644337
1944, 322556.715913703
1945, 362393.2435055631
1946, 157731.07469203364
1947, 311954.6432806714
1948, 168396.95220572432
1949, 238545.9378745685
1950, 178827.89666531363
1951, 263764.55603163014
1952, 234470.68520766337
1953, 163194.8798978185
1954, 206599.82541231604
1955, 130742.73731500133
1956, 288567.06730267167
1957, 159170.81605629294
1958, 291671.3751298984
1959, 145474.94219446924
1960, 113407.1957535105
1961, 120568.16205408095
1962, 96753.1607029193
1963, 106041.90165165259
1964, 112375.58279937893
1965, 155393.43290734888
1966, 161427.46406888103
1967, 301952.93844556663
1968, 386794.3754773579
1969, 367248.6643133054
1970, 404461.7700840345
1971, 449305.52468711475
1972, 348650.9858442976
1973, 283675.3712331423
1974, 311505.49858013465
1975, 459671.28576515155
1976, 277068.9783336276
1977, 357657.9407490917
1978, 355841.6453707772
1979, 337030.40166007465
1980, 192801.9640948978
1981, 353721.26984749705
1982, 231010.7033498098
1983, 223401.82924650412
1984, 176746.8879787148
1985, 216767.17896388067
1986, 217611.2212371026
1987, 181814.27795869258
1988, 176013.0715824039
1989, 193361.85736890225
1990, 217212.92041093248
1991, 206515.68960322582
1992, 208657.59579468312
1993, 173646.3521107772
1994, 238785.9643584587
1995, 186878.31236159682
1996, 257512.76293649257
1997, 327440.02342837496
1998, 332455.3865118934
1999, 258493.40147533757
2000, 292002.27278250695
2001, 274090.80670804164
2002, 244705.96564128995
2003, 263804.9412152471
2004, 271423.91318206035
2005, 234547.3760996352
2006, 235119.06779591512
2007, 256464.76132960286
2008, 204994.85916323942
2009, 187582.6949200015
2010, 196319.19443965596
2011, 141512.34278312733
2012, 182694.24685537428
2013, 181193.44220766833
2014, 189378.9592421344
2015, 198342.4642797468
2016, 187932.93411568605
2017, 205948.72126716765
2018, 122184.99218065922
2019, 129055.17671309518
2020, 116379.49986899048
2021, 115612.19661235837
2022, 176564.4382756084
2023, 153320.21399950917
2024, 224883.47943991335
2025, 340465.7910183594
2026, 182083.30674198785
2027, 155302.92245965454
2028, 173959.36904757406
2029, 167801.66923109288
2030, 265603.7242652627
2031, 253198.96898718778
2032, 268079.5146547894
2033, 254540.64916043208
2034, 164047.1420535958
2035, 209953.52048321246
2036, 207905.66520396792
2037, 210400.56464230223
2038, 295245.76037391974
2039, 214307.68746133978
2040, 343060.8468285275
2041, 272652.41676069936
2042, 200450.64797066423
2043, 170051.1679006741
2044, 171736.3437671824
2045, 215528.4638531052
2046, 135534.7912358022
2047, 153877.33761501109
2048, 132824.30226681728
2049, 135301.62083082975
2050, 188630.59650584534
2051, 109066.68793471756
2052, 138098.59030388293
2053, 143014.43222927884
2054, 93635.81891435689
2055, 157171.02125502354
2056, 127255.90148835811
2057, 128042.57455048662
2058, 208073.80353993556
2059, 144548.6129286603
2060, 162181.4146037158
2061, 180933.0706931213
2062, 137949.74510677517
2063, 115073.750387093
2064, 141320.03983712033
2065, 116289.6545693164
2066, 167229.73909482668
2067, 141067.4952564042
2068, 131552.4589057895
2069, 91153.92073061148
2070, 108520.64844352748
2071, 100914.3204174159
2072, 132244.0213218838
2073, 132696.5537812566
2074, 179100.12227279542
2075, 149492.32260757394
2076, 123393.76163602773
2077, 147637.69922125476
2078, 131281.0367269432
2079, 134336.06904978227
2080, 113825.05315585484
2081, 122357.86098033619
2082, 121906.95104553501
2083, 145718.2314536
2084, 113536.3052355627
2085, 131039.77316776871
2086, 129241.81798152038
2087, 122067.00737508718
2088, 107193.40212501035
2089, 95175.16472883312
2090, 131329.76743020423
2091, 128088.30267779616
2092, 134561.847011606
2093, 134545.95086359233
2094, 142595.23243227098
2095, 146720.62562479323
2096, 89957.72709988254
2097, 102655.08830230117
2098, 144677.1699913864
2099, 73735.31456336148
2100, 125088.68557810696
2101, 128724.9067469123
2102, 147149.41537306466
2103, 112547.21798527721
2104, 131828.17131812437
2105, 135434.54581050377
2106, 93201.90043335561
2107, 249165.4866715396
2108, 118859.87131524569
2109, 118572.03916836772
2110, 128091.19855289653
2111, 155260.02431414672
2112, 134433.50983384732
2113, 116291.40582473365
2114, 114941.6640830652
2115, 147906.1040188353
2116, 117319.40893876016
2117, 144400.40492828528
2118, 115453.99564416434
2119, 108704.12371721443
2120, 112339.26049713777
2121, 109003.70704997669
2122, 110592.2586509284
2123, 92311.03050189772
2124, 179383.21071891845
2125, 131204.415603582
2126, 153256.20474242137
2127, 149288.5392257436
2128, 134156.06734939024
2129, 112072.55071268362
2130, 142753.7994733149
2131, 146678.88545082248
2132, 117533.33113167243
2133, 123080.0367288594
2134, 120824.66974850264
2135, 110743.9321526062
2136, 91395.22499957106
2137, 120208.12465698799
2138, 135233.73566940805
2139, 150240.26445498195
2140, 128873.77072883584
2141, 142109.37293961502
2142, 138362.44701969335
2143, 146377.84115857384
2144, 131934.2582712882
2145, 129716.06148476162
2146, 147448.473789387
2147, 155817.89039504435
2148, 127862.49182467477
2149, 130681.53480830627
2150, 212767.5889145528
2151, 142237.61923427772
2152, 177918.02329895447
2153, 157687.4261075827
2154, 109412.58207496244
2155, 132750.80977726594
2156, 225981.67971068944
2157, 235010.20247805363
2158, 237977.67171438553
2159, 214478.3667904781
2160, 174824.38861969716
2161, 258844.37683426889
2162, 391998.8396892552
2163, 354079.1250470471
2164, 263341.0941424053
2165, 181610.86663412952
2166, 137157.78917045158
2167, 207134.32769026913
2168, 208258.78341030862
2169, 192637.67591998086
2170, 219659.78753152222
2171, 144933.808882809
2172, 142318.9113715766
2173, 170132.37905636634
2174, 243250.93627995596
2175, 297362.84825474804
2176, 334320.8643874382
2177, 257439.50482851817
2178, 233314.05409882485
2179, 139979.1329615146
2180, 188865.90403445
2181, 196398.96797246288
2182, 233974.74324256496
2183, 198225.11727142375
2184, 138546.04426953202
2185, 133785.4921113757
2186, 149119.92011728478
2187, 150110.62870255834
2188, 158048.47489331313
2189, 187777.8753475396
2190, 95637.25288494003
2191, 97069.70085767462
2192, 89717.16208730303
2193, 107228.55393457484
2194, 108890.34583945677
2195, 113873.85025721272
2196, 113296.14636692632
2197, 113028.27436196612
2198, 164994.3799144553
2199, 157260.78334730453
2200, 134303.53365948534
2201, 136333.63488138886
2202, 189817.59180837378
2203, 158087.28759886272
2204, 176496.29201756508
2205, 113918.2046234097
2206, 138242.34234184894
2207, 254468.63608643654
2208, 226325.22326050224
2209, 194012.63161026084
2210, 130877.18894488501
2211, 114295.90000267485
2212, 114411.91811086496
2213, 105847.98125655492
2214, 144908.30974290526
2215, 110178.47194785616
2216, 144948.58708316885
2217, 80121.06691200954
2218, 99766.08006520815
2219, 89681.05304709676
2220, 93850.5259353494
2221, 332035.624767299
2222, 239294.5707990001
2223, 283774.3528573852
2224, 233396.5972881179
2225, 149384.38674780686
2226, 183766.27406485548
2227, 211324.07244644442
2228, 295496.8790554202
2229, 260757.7178162599
2230, 162815.27526650688
2231, 216297.95907844204
2232, 180066.3058865913
2233, 174187.46049384572
2234, 245978.90146712045
2235, 199196.73425374777
2236, 274318.7701174459
2237, 346518.63876210945
2238, 200498.24188221802
2239, 113050.76182529828
2240, 165457.4957908509
2241, 148750.01531999224
2242, 141772.06811932314
2243, 136360.0222889381
2244, 100612.22097768454
2245, 98273.74528873348
2246, 144978.10440082895
2247, 103719.2432918375
2248, 122037.53067588847
2249, 123662.58913626258
2250, 132242.6371068935
2251, 140302.78461582868
2252, 173243.4579625879
2253, 153590.03736115442
2254, 178705.18830363953
2255, 194067.87450054192
2256, 179775.59342843475
2257, 193234.9463327005
2258, 175679.2086733021
2259, 177331.49011827775
2260, 150870.46995641646
2261, 192560.40264785624
2262, 221763.7910099041
2263, 338720.02261109086
2264, 430204.0543938597
2265, 175379.23349668502
2266, 288383.9684363659
2267, 346234.49943413446
2268, 417358.8866032221
2269, 164181.91586441267
2270, 182368.72042518534
2271, 237549.71446933725
2272, 199457.64993476873
2273, 162478.1795776298
2274, 171839.41211092952
2275, 166530.15722094345
2276, 174555.638509442
2277, 175379.2361431966
2278, 154282.87266563252
2279, 121730.35781661789
2280, 111851.67054051478
2281, 175589.42614600455
2282, 177439.5270711676
2283, 101391.6262575594
2284, 109168.98128989001
2285, 156833.37811355747
2286, 127179.90601035443
2287, 352195.63091009855
2288, 305954.6757580188
2289, 347572.90276943054
2290, 427115.7040520001
2291, 326700.81787340797
2292, 438477.7177900952
2293, 413567.8926728291
2294, 401881.82214631274
2295, 409642.00801270606
2296, 269485.28587689897
2297, 316064.0987185402
2298, 342017.27694203134
2299, 358009.0057968508
2300, 317007.17724601855
2301, 296792.36398581666
2302, 241384.4801887541
2303, 252613.54096165893
2304, 258186.6997530495
2305, 176832.3888992389
2306, 177138.36021858186
2307, 182133.75166548626
2308, 242085.20022156814
2309, 272532.4818522164
2310, 230700.73346837136
2311, 195733.5837809958
2312, 176140.57007645577
2313, 174304.60266608215
2314, 178939.9702979822
2315, 174304.49478203457
2316, 185563.6950963723
2317, 177213.2118255398
2318, 175241.65187652642
2319, 176737.99924462545
2320, 175705.88243408932
2321, 254249.24701483597
2322, 170392.50168025974
2323, 180806.79473440148
2324, 168223.5889784363
2325, 219722.18888849072
2326, 171237.4988817105
2327, 206960.64570866196
2328, 219983.81918585533
2329, 185272.55430748974
2330, 179811.1265455507
2331, 327955.9586424634
2332, 378992.8592718835
2333, 300564.91667637863
2334, 262490.1230956903
2335, 262211.0748592702
2336, 307994.6323381216
2337, 205915.8184158214
2338, 274848.86777248315
2339, 229306.61103719022
2340, 392708.16611655214
2341, 216264.52814559286
2342, 231842.20994650328
2343, 224201.00837332386
2344, 237440.0576064498
2345, 252962.14800544124
2346, 229751.23890521002
2347, 200723.49117214937
2348, 245684.9016759193
2349, 161876.84642750825
2350, 296659.76699192444
2351, 262255.8180538594
2352, 263803.04578260623
2353, 208597.1672788825
2354, 121063.84180322752
2355, 160197.11756397123
2356, 152209.92635305048
2357, 199843.2938906698
2358, 197486.53583703403
2359, 127316.24950394298
2360, 120667.93826136217
2361, 141575.4801042241
2362, 260377.43991405502
2363, 144188.40324367752
2364, 149596.00155780694
2365, 232801.26908429945
2366, 199653.4217598239
2367, 231580.91336385207
2368, 199576.5701603761
2369, 234585.98766780083
2370, 168516.30907461446
2371, 167596.87540731207
2372, 186902.80432940915
2373, 274572.38456638606
2374, 288876.8092691982
2375, 234480.3631839595
2376, 275696.1968475195
2377, 336277.3413842269
2378, 138032.85233757916
2379, 192439.43661374805
2380, 141282.16165098385
2381, 162743.7438440723
2382, 202145.4104987053
2383, 212614.0579757435
2384, 233534.9652502066
2385, 152249.31159140685
2386, 142269.2345171799
2387, 131012.12067767071
2388, 107753.24423659443
2389, 129608.25541225189
2390, 134535.91838559334
2391, 133123.77316789608
2392, 116032.75738067339
2393, 163610.5671286251
2394, 147024.06068138484
2395, 189692.33045890217
2396, 149972.0948745459
2397, 199306.34750448877
2398, 125391.36308960304
2399, 68873.26436176168
2400, 69696.76919890568
2401, 116421.38211903482
2402, 135011.55879874653
2403, 136069.41131673503
2404, 142637.83437151066
2405, 159665.28413105078
2406, 130374.62600066866
2407, 129311.37588391457
2408, 138232.36520931352
2409, 136414.81371045564
2410, 166959.0703613192
2411, 123562.3602767184
2412, 161098.82520357287
2413, 136772.1158327289
2414, 130011.22799314026
2415, 127948.04380366762
2416, 128016.41946864229
2417, 130507.51024269946
2418, 121291.23063364289
2419, 129981.84967012343
2420, 124934.31834818314
2421, 149965.89058854012
2422, 119017.51543339703
2423, 139000.80437174087
2424, 159725.66622449463
2425, 175901.18510800664
2426, 132838.97517592917
2427, 145046.21668208376
2428, 176307.00129031402
2429, 115108.60404554207
2430, 125466.91084723776
2431, 118269.8080648687
2432, 135736.97996030253
2433, 142097.3644036083
2434, 142540.6091026209
2435, 153049.2623304101
2436, 110891.5604738709
2437, 115000.44491840538
2438, 121639.5747404016
2439, 118910.19869854252
2440, 126421.44256447963
2441, 112561.02848994502
2442, 105211.65318638932
2443, 118936.33130600491
2444, 127091.27348167714
2445, 98134.9712076444
2446, 132068.29581299532
2447, 226860.60498541576
2448, 142355.75421480119
2449, 112847.38073383084
2450, 150035.55947386211
2451, 125846.87404764602
2452, 219220.42239413576
2453, 105293.49262928238
2454, 125469.48629208944
2455, 108947.05349890055
2456, 135167.83269311898
2457, 115552.4161286789
2458, 113995.06783423948
2459, 111170.56140666542
2460, 135508.1443328221
2461, 114842.12149696016
2462, 125796.57130806052
2463, 117616.58114387172
2464, 161264.22617304878
2465, 135687.98276213536
2466, 118172.98611930352
2467, 152260.77741018464
2468, 97856.7728129583
2469, 99613.89319022236
2470, 177487.10654698437
2471, 179491.41301798672
2472, 170408.2467906336
2473, 120898.55119222692
2474, 112043.11873423375
2475, 234187.94277409418
2476, 114395.85622354769
2477, 128627.1373326261
2478, 159615.95330259344
2479, 123058.26172416577
2480, 135985.10219992994
2481, 135084.48283437468
2482, 129533.76941368662
2483, 116760.11400371695
2484, 124754.0814691466
2485, 122927.42229206057
2486, 156403.58141877525
2487, 183694.63640005095
2488, 155570.0970043494
2489, 147661.65043430266
2490, 152128.9376545589
2491, 100485.94418724721
2492, 183634.9032568042
2493, 144125.5168220647
2494, 170104.9857935676
2495, 108837.29758586532
2496, 217336.3353724499
2497, 151037.31498091994
2498, 118091.22069315903
2499, 100897.25637547104
2500, 136993.12848900934
2501, 136839.47936013754
2502, 152284.42601610097
2503, 107102.09191336107
2504, 179501.7370806898
2505, 211572.77802086787
2506, 268841.6896583402
2507, 308515.6111606046
2508, 264721.3556332086
2509, 231297.21222273735
2510, 241544.11324896791
2511, 186320.90018532795
2512, 216860.73786947172
2513, 220086.93051591225
2514, 252766.51267892015
2515, 145122.5028757813
2516, 160575.27661294205
2517, 129547.4351237447
2518, 141092.52089214316
2519, 224225.87050695624
2520, 210752.3647069315
2521, 198166.13344318097
2522, 217115.55154724314
2523, 126866.0571559416
2524, 143251.92078142625
2525, 139890.51704124303
2526, 144311.93087806576
2527, 121987.5749505534
2528, 128145.54751868056
2529, 128022.61393861096
2530, 116888.45423423876
2531, 243992.0485884123
2532, 223666.27041324798
2533, 202270.4475817335
2534, 235597.39067325962
2535, 286067.47122294345
2536, 230666.3248776133
2537, 228302.73213666593
2538, 187741.42803835036
2539, 189290.02442315634
2540, 178065.9253943228
2541, 181559.70891407834
2542, 166006.17736305573
2543, 127697.37135539627
2544, 139769.75605754767
2545, 130786.68336217913
2546, 144218.26100294714
2547, 140725.34576157838
2548, 164656.08324861623
2549, 163007.81904545007
2550, 448061.628
2551, 145099.99472779827
2552, 123725.85607145405
2553, 95999.08558503502
2554, 118944.01368902925
2555, 114333.38708190073
2556, 109364.07497839697
2557, 119131.24826276906
2558, 153298.52216943374
2559, 136315.06966414387
2560, 123842.59785783327
2561, 148674.41194460014
2562, 132572.59817563454
2563, 140103.8600401369
2564, 182042.56062004063
2565, 124520.57031845287
2566, 147060.68809739614
2567, 126723.45680576099
2568, 183824.56773280882
2569, 192854.52794205607
2570, 130160.79899397105
2571, 174241.6020905425
2572, 190072.88910861814
2573, 229013.46167987105
2574, 301719.2773738919
2575, 128389.68975575909
2576, 129648.24727362389
2577, 158965.45286142017
2578, 99832.73466610388
2579, 91630.62439350507
2580, 129151.62654112189
2581, 138719.05248712612
2582, 116347.47108692158
2583, 271410.76229891763
2584, 162706.11285993483
2585, 174871.21370073062
2586, 209935.6628197619
2587, 205995.865078524
2588, 158729.848377083
2589, 141848.07984945495
2590, 223564.05789131174
2591, 199071.3978937018
2592, 226974.52170886213
2593, 256405.89274870217
2594, 171333.2734653398
2595, 222721.74450739814
2596, 324399.98776354565
2597, 178169.7919540058
2598, 271455.9704976436
2599, 360290.96310480195
2600, 153997.45855932325
2601, 136132.364624816
2602, 92723.58119787894
2603, 96832.55961786472
2604, 96237.68882402599
2605, 100938.24828188684
2606, 142241.74306943972
2607, 177056.49943427378
2608, 208048.00517946118
2609, 164523.25782673413
2610, 114862.09591259267
2611, 159761.41401804597
2612, 153507.61928503416
2613, 125141.34642210875
2614, 124642.60971976747
2615, 155020.9324984138
2616, 138250.4881895141
2617, 178429.16358986215
2618, 179533.46269561202
2619, 217181.23741198512
2620, 184541.89094942794
2621, 183956.8074563986
2622, 188469.45940841522
2623, 247325.2188495712
2624, 286698.8027352976
2625, 306178.4332737589
2626, 165652.76070297792
2627, 187760.86695850245
2628, 408926.0290490196
2629, 457050.1413333334
2630, 349397.60554181936
2631, 431557.911469697
2632, 389879.9194333333
2633, 300122.8763023479
2634, 382759.3788925261
2635, 149509.13953630795
2636, 196916.5663159077
2637, 185004.63289035964
2638, 245503.6337266056
2639, 176304.43029873524
2640, 150904.01205027875
2641, 111951.00915186877
2642, 186479.65693549305
2643, 114631.74632781066
2644, 128515.94836097248
2645, 100522.10797645438
2646, 95040.30449242683
2647, 101334.7972398722
2648, 145876.6072500592
2649, 136129.32725391054
2650, 155583.5006502659
2651, 155867.02957925788
2652, 395879.75691661675
2653, 264412.43641327403
2654, 265735.52570771665
2655, 380967.35655849345
2656, 321240.0726012367
2657, 303598.74563209224
2658, 285975.08107845945
2659, 321293.5359401257
2660, 331567.03605568205
2661, 355546.1893988254
2662, 350576.6279822563
2663, 276249.4251786723
2664, 267026.60386792157
2665, 317508.3589622334
2666, 278180.10515449947
2667, 169905.63095941834
2668, 182482.20925904572
2669, 177009.3771354048
2670, 284568.92276792147
2671, 185653.20479523973
2672, 180752.0438863994
2673, 210334.49709530824
2674, 200086.64712187817
2675, 169027.69636037643
2676, 190888.12311433823
2677, 204236.7123809348
2678, 266249.9015182458
2679, 275931.1569117121
2680, 275276.33792123554
2681, 385161.7891109244
2682, 309599.7223640709
2683, 509595.627
2684, 294805.0601469233
2685, 315125.9466091283
2686, 260864.75169586853
2687, 318749.75982982863
2688, 228849.4968606192
2689, 227134.3929553709
2690, 393440.0956954545
2691, 182752.90909350285
2692, 132618.2511275161
2693, 198980.23037291088
2694, 126060.83667308967
2695, 197385.87698409014
2696, 185258.74543564004
2697, 191861.35968686637
2698, 198799.0713269746
2699, 178108.98744727502
2700, 171185.53278135258
2701, 156874.00911010252
2702, 122680.68151079421
2703, 151908.08584915925
2704, 139445.70070796888
2705, 124505.36310431449
2706, 118097.05063140808
2707, 126237.69306871481
2708, 137695.17052729445
2709, 108401.026698854
2710, 122357.98063649348
2711, 294352.0218362179
2712, 355381.01506633556
2713, 181558.46981749678
2714, 161527.7411157172
2715, 168517.54444912434
2716, 164969.88714608492
2717, 186435.54644606536
2718, 237209.5620863478
2719, 156207.73398150151
2720, 171869.24655002364
2721, 142442.62753037113
2722, 168292.04006030993
2723, 140622.0222928467
2724, 126397.61089936117
2725, 138153.8378427046
2726, 144744.90063497506
2727, 170762.67791774162
2728, 170384.16108239765
2729, 152953.67865578976
2730, 145284.5727220598
2731, 118849.93922609108
2732, 115861.88660028063
2733, 161961.82080656075
2734, 143661.73064183214
2735, 135973.1025082863
2736, 142568.073232394
2737, 119798.20585115811
2738, 138381.4275884537
2739, 159186.37154527853
2740, 138723.2107850762
2741, 150601.27508438117
2742, 154854.80522527217
2743, 149802.28778601834
2744, 145394.1655588002
2745, 134733.0783468147
2746, 132437.61114651736
2747, 148972.34826559428
2748, 127829.67205554617
2749, 126292.00994324728
2750, 136120.3086323685
2751, 122619.76884074023
2752, 257633.1676530659
2753, 156064.57572361603
2754, 195461.28453299566
2755, 130461.92597961507
2756, 101225.91430014253
2757, 80758.76736016992
2758, 93709.25935777894
2759, 152473.90424664164
2760, 136272.31673743084
2761, 145546.26502684277
2762, 147350.22821442242
2763, 181445.64432708189
2764, 173653.91270296607
2765, 286051.59502891323
2766, 140992.63927846742
2767, 94696.74652375327
2768, 126470.9997958614
2769, 136516.00699073143
2770, 164400.41186616672
2771, 120658.20863916603
2772, 122258.28844060795
2773, 142765.37164469232
2774, 136822.57428891267
2775, 134366.6422718371
2776, 145019.6887576428
2777, 161879.26799031437
2778, 136900.46370645487
2779, 122266.64209865018
2780, 113603.53762876509
2781, 104675.16797055694
2782, 103534.54630583977
2783, 104314.55206615716
2784, 128848.1109271363
2785, 136795.73963489983
2786, 83808.98689481463
2787, 120361.71384854919
2788, 89676.05934380865
2789, 204731.91416147156
2790, 99287.48475640842
2791, 121528.08367575346
2792, 97296.84199243285
2793, 164298.55159595408
2794, 104074.08379818934
2795, 114133.31040343939
2796, 104607.47034456993
2797, 197876.73397582216
2798, 121743.01103187927
2799, 118740.66922174864
2800, 81819.59693030661
2801, 114861.74324310146
2802, 133505.84007654223
2803, 147851.1681845039
2804, 147905.38798228282
2805, 101358.05530278063
2806, 98733.39534756892
2807, 160447.64914926485
2808, 147246.04699166774
2809, 128638.5337768401
2810, 139376.44619336378
2811, 161840.1302640958
2812, 145610.3961254099
2813, 159993.36835019174
2814, 161712.27700741513
2815, 95664.96902303772
2816, 236569.58248741637
2817, 138028.3233487571
2818, 128833.7549033236
2819, 182495.42414367932
2820, 135434.55906221454
2821, 108044.54443668101
2822, 177334.9204151595
2823, 219448.56743665022
2824, 174726.32359429364
2825, 154956.20867043527
2826, 133484.14316327422
2827, 143333.43123446387
2828, 215697.13022894817
2829, 176085.4945712241
2830, 235446.1403162832
2831, 186888.34357708888
2832, 210974.8416282568
2833, 303588.9158692034
2834, 220272.09989721634
2835, 219823.31596912158
2836, 193098.7929859982
2837, 167716.0629954803
2838, 145312.15926890637
2839, 182541.77177161106
2840, 202297.88376213165
2841, 205142.35670501675
2842, 230490.3503754748
2843, 149666.2734929972
2844, 155449.5813870142
2845, 119984.7482961048
2846, 211919.70984069785
2847, 200166.9460310528
2848, 217940.64025751356
2849, 209712.766045809
2850, 281660.08014568425
2851, 233138.88563449503
2852, 234878.6786385511
2853, 233538.93872464565
2854, 137716.3030858424
2855, 201924.73335388562
2856, 208911.79165223282
2857, 187133.8358455618
2858, 199327.73597303385
2859, 140837.87952211295
2860, 124997.56965416892
2861, 144577.24181523072
2862, 197660.84626647117
2863, 123164.69588238747
2864, 252475.67859887562
2865, 142139.35455195614
2866, 138885.0972786723
2867, 103062.74017693516
2868, 122987.81925668543
2869, 121405.40446185852
2870, 163087.13905088688
2871, 108163.21185697238
2872, 66391.09410501263
2873, 109498.43288777255
2874, 140067.46396379592
2875, 117520.39094985744
2876, 160128.50463598548
2877, 141814.82273350807
2878, 170396.10423944145
2879, 137074.60108964914
2880, 111331.7550479968
2881, 152959.98817705718
2882, 164762.6328644677
2883, 180434.26605434556
2884, 205118.2056689563
2885, 177230.1348923343
2886, 189286.22440653303
2887, 105861.07156207971
2888, 128813.12157554284
2889, 65567.69821761573
2890, 89633.3896059743
2891, 135183.0594268367
2892, 72045.44451271984
2893, 113717.98882119992
2894, 74018.23664519202
2895, 321177.6096374756
2896, 301046.4951767632
2897, 205009.6124586481
2898, 155269.97851200012
2899, 233358.6505745539
2900, 157774.49219328666
2901, 194982.14758014635
2902, 185010.12525688048
2903, 345734.40507639846
2904, 323289.8936696748
2905, 127455.23842556539
2906, 207052.1674386234
2907, 125945.83576095029
2908, 123843.38993262642
2909, 146480.72685006383
2910, 87741.00672474508
2911, 91334.13910830187
2912, 153942.01620691302
2913, 95910.1575611287
2914, 91862.20051374973
2915, 93998.37777925149
2916, 92779.3851418761
2917, 154676.5203652998
2918, 117242.36210084964
2919, 236679.46254600128
